йпюямнцн спюкю;18;1
йпюямнцн спюкю;20;1
йпюямнцн спюкю;22;1
охнмепяйюъ;10;
охнмепяйюъ;11ю;1
охнмепяйюъ;9ю;
ОП-ЙР ОНАЕДШ;294;1
ОП-ЙР ОНАЕДШ;298;
ОП-ЙР ОНАЕДШ;310;
ОП-ЙР ОНАЕДШ;316;1
ОП-ЙР ОНАЕДШ;320ю;1
йнлянлнкэяйхи ;43а;
йпюямнцн спюкю;14;
охнмепяйюъ;5;
охнмепяйюъ;8;
охнмепяйюъ;11;
охнмепяйюъ;13;
охнмепяйюъ;14;
охнмепяйюъ;16;
йнлянлнкэяйхи ;33ю;
йнлянлнкэяйхи ;33а;
йнлянлнкэяйхи ;33б;1
йнлянлнкэяйхи ;33ц;
йнлянлнкэяйхи ;37а;
йнлянлнкэяйхи ;39ю;
йнлянлнкэяйхи ;41ю;
йнлянлнкэяйхи ;41а;1
охнмепяйюъ;9;1
ОП-ЙР ОНАЕДШ;292;
ОП-ЙР ОНАЕДШ;300;
ОП-ЙР ОНАЕДШ;304;
ОП-ЙР ОНАЕДШ;314;
ОП-ЙР ОНАЕДШ;318;
ОП-ЙР ОНАЕДШ;320;1
йпюямнцн спюкю;12;1
охнмепяйюъ;3;
охнмепяйюъ;4;2
ОП-ЙР ОНАЕДШ;308;
ОП-ЙР ОНАЕДШ;324;
ОП-ЙР ОНАЕДШ;296;1
ОП-ЙР ОНАЕДШ;302;
ОП-ЙР ОНАЕДШ;312;1
ОП-ЙР ОНАЕДШ;308ю;1
ОП-ЙР ОНАЕДШ;322;1
йнлянлнкэяйхи ;43;1
йнлянлнкэяйхи ;33;2
йнлянлнкэяйхи ;37;2
йнлянлнкэяйхи ;41;2
йнлянлнкэяйхи ;35;1
йнлянлнкэяйхи ;45;1
йнлянлнкэяйхи ;48ю;
 йпюямнцн спюкю;1;
йнлянлнкэяйхи ;22а;
йнлянлнкэяйхи ;38ю;1
йпюямнцн спюкю;3;
йпюямнцн спюкю;7;
йпюямнцн спюкю;11;
йсиашьебю;13;
йсиашьебю;17;
йсиашьебю;41;
йсиашьебю;45;
йсиашьебю;73ю;1
вюийнбяйнцн;6;
вюийнбяйнцн;10;
вюийнбяйнцн;14;
йнлянлнкэяйхи ;22ю;
йнлянлнкэяйхи ;24ю;
йсиашьебю;23;
йсиашьебю;27;
йсиашьебю;29;
йсиашьебю;31;
йсиашьебю;43;
йсиашьебю;51;
йсиашьебю;67;1
йсиашьебю;71;1
йсиашьебю;73;
йсиашьебю;75;1
вюийнбяйнцн;4;
вюийнбяйнцн;8;1
йнлянлнкэяйхи ;28ю;
йнлянлнкэяйхи ;28а;
йнлянлнкэяйхи ;30ю;
йнлянлнкэяйхи ;32ю;
йнлянлнкэяйхи ;32а;
йпюямнцн спюкю;4;
йпюямнцн спюкю;6;1
йпюямнцн спюкю;13;
йсиашьебю;25;
йсиашьебю;47;
йсиашьебю;55;
лнкнднцбюпдеижеб;23;
вюийнбяйнцн;2;
йнлянлнкэяйхи ;44ю;1
йнлянлнкэяйхи ;38а;2
 йсиашьебю;65;1
йнлянлнкэяйхи ;18;
йнлянлнкэяйхи ;18ю;
йсиашьебю;57;1
вюийнбяйнцн;9;
вюийнбяйнцн;9ю;
вюийнбяйнцн;7;1
йнлянлнкэяйхи ;24;
йнлянлнкэяйхи ;36;1
йпюямнцн спюкю;15;1
йнлянлнкэяйхи ;22;1
йнлянлнкэяйхи ;26;2
вюийнбяйнцн;16;1
йнлянлнкэяйхи ;38;
йнлянлнкэяйхи ;48;1
йнлянлнкэяйхи ;34ю;2
йсиашьебю;15ю;6
йсиашьебю;35;1
йсиашьебю;37ю;3
йсиашьебю;65ю;
бнпньхкнбю;3;
бнпньхкнбю;13;
бнпньхкнбю;23;1
йнлянлнкэяйхи ;54;
йсиашьебю;86ю;
лнкнднцбюпдеижеб;24;1
лнкнднцбюпдеижеб;30;
лнкнднцбюпдеижеб;14ю;1
янкмевмюъ;8;1
янкмевмюъ;14а;1
янкмевмюъ;16;
янкмевмюъ;6а;1
янкмевмюъ;4;
бнпньхкнбю;19ю;1
бнпньхкнбю;9ю;
гюуюпемйн;2ю;
гюуюпемйн;2а;
лнкнднцбюпдеижеб;8;
лнкнднцбюпдеижеб;12;
лнкнднцбюпдеижеб;16;
лнкнднцбюпдеижеб;22;
янкмевмюъ;6;
янкмевмюъ;12;1
янкмевмюъ;14;1
янкмевмюъ;20;
янкмевмюъ;12ю;1
янкмевмюъ;20ю;
янкмевмюъ;22ю;
янкмевмюъ;4ю;1
янкмевмюъ;6ю;
бнпньхкнбю;5;
бнпньхкнбю;9;
бнпньхкнбю;15;1
бнпньхкнбю;19;
бнпньхкнбю;25;
йнлянлнкэяйхи ;56;
йнлянлнкэяйхи ;58;1
лнкнднцбюпдеижеб;4;
янкмевмюъ;22;
лнкнднцбюпдеижеб;14;2
гюуюпемйн;2;3
янкмевмюъ;10;3
бнпньхкнбю;1;1
бнпньхкнбю;7;
бнпньхкнбю;17;2
гюуюпемйн;6;1
гюуюпемйн;6ю;1
янкмевмюъ;10ю;1
янкмевмюъ;10а;1
янкмевмюъ;18ю;1
янкмевмюъ;18а;
бнпньхкнбю;11;1
йнлянлнкэяйхи ;50;1
йнлянлнкэяйхи ;52;2
лнкнднцбюпдеижеб;6;1
йсиашьебю;86;1
йсиашьебю;80;1
гюуюпемйн;6а;4
йсиашьебю;88ю;1
янкмевмюъ;10ц;3
йнлянлнкэяйхи ;70;
лнкдюбяйюъ;19;1
йнлянлнкэяйхи ;91ю;
бнпньхкнбю;33;
бнпньхкнбю;31ю;
бнпньхкнбю;33а;1
йнлянлнкэяйхи ;49;
йнлянлнкэяйхи ;77;
йнлянлнкэяйхи ;89;
йнлянлнкэяйхи ;81ю;
йнлянлнкэяйхи ;81а;
йнлянлнкэяйхи ;89ю;
йнлянлнкэяйхи ;93ю;1
лнкдюбяйюъ;25а;1
ОП-ЙР ОНАЕДШ;328;1
ОП-ЙР ОНАЕДШ;342;1
ОП-ЙР ОНАЕДШ;344;
ОП-ЙР ОНАЕДШ;354;
ОП-ЙР ОНАЕДШ;358;
ОП-ЙР ОНАЕДШ;364;
ОП-ЙР ОНАЕДШ;366;
ОП-ЙР ОНАЕДШ;372;
ОП-ЙР ОНАЕДШ;328ю;1
ОП-ЙР ОНАЕДШ;334ю;
ОП-ЙР ОНАЕДШ;354ю;
ОП-ЙР ОНАЕДШ;358ю;
янкмевмюъ;46;
йнлянлнкэяйхи ;71;1
йнлянлнкэяйхи ;73;1
йнлянлнкэяйхи ;79;1
йнлянлнкэяйхи ;81;1
йнлянлнкэяйхи ;91;
йнлянлнкэяйхи ;61ю;
лнкдюбяйюъ;23;
лнкдюбяйюъ;25;
лнкдюбяйюъ;21ю;
лнкдюбяйюъ;23ю;
лнкнднцбюпдеижеб;44;
лнкнднцбюпдеижеб;46;1
лнкнднцбюпдеижеб;36ю;1
ОП-ЙР ОНАЕДШ;340;1
ОП-ЙР ОНАЕДШ;338ю;1
ОП-ЙР ОНАЕДШ;358а;1
янкмевмюъ;52;1
бнпньхкнбю;31;
йнлянлнкэяйхи ;53;1
йнлянлнкэяйхи ;59;1
лнкнднцбюпдеижеб;36;1
ОП-ЙР ОНАЕДШ;330;1
ОП-ЙР ОНАЕДШ;332;
ОП-ЙР ОНАЕДШ;338;1
ОП-ЙР ОНАЕДШ;346;
йнлянлнкэяйхи ;87;
ОП-ЙР ОНАЕДШ;356;2
ОП-ЙР ОНАЕДШ;360;2
янкмевмюъ;54;
лнкнднцбюпдеижеб;38;4
ОП-ЙР ОНАЕДШ;326;
ОП-ЙР ОНАЕДШ;336;1
ОП-ЙР ОНАЕДШ;350;1
ОП-ЙР ОНАЕДШ;362;1
ОП-ЙР ОНАЕДШ;374;
ОП-ЙР ОНАЕДШ;332ю;
лнкнднцбюпдеижеб;44ю;1
йнлянлнкэяйхи ;75;1
бнпньхкнбю;37;1
йнлянлнкэяйхи ;93;2
лнкдюбяйюъ;11;2
лнкнднцбюпдеижеб;48;1
йнлянлнкэяйхи ;69;2
йнлянлнкэяйхи ;83;2
йнлянлнкэяйхи ;85;2
йнлянлнкэяйхи ;47;2
йнлянлнкэяйхи ;71ю;1
йнлянлнкэяйхи ;57;1
йнлянлнкэяйхи ;57;1
ьюцнкэяйюъ;41Ю;
ьюцнкэяйюъ 2-ъ;36Ю;
ьюцнкэяйюъ 2-ъ;34;
ьюцнкэяйюъ 1-и йбюпрюк;1;
ьюцнкэяйюъ 1-и йбюпрюк ;2;1
ьюцнкэяйюъ 1-и йбюпрюк ;4;1
пюанве-йпеярэъмяйюъ;18Ю;1
пюанве-йпеярэъмяйюъ;26Ю;1
пюанве-йпеярэъмяйюъ;30Ю;
ьюцнкэяйюъ;41;1
ьюцнкэяйюъ 2-ъ;30;
ьюцнкэяйюъ 2-ъ;32;1
ьюцнкэяйюъ 2-ъ;36;1
ьюцнкэяйюъ;39;
ьюцнкэяйюъ 2-ъ;26;1
ьюцнкэяйюъ 2-ъ;28;1
йпюямнонкэяйхи;21;8
яйскэорнпю цнкнбмхжйнцн;20;8
яйскэорнпю цнкнбмхжйнцн;10;8
яйскэорнпю цнкнбмхжйнцн;24;8
яйскэорнпю цнкнбмхжйнцн;26;8
яйскэорнпю цнкнбмхжйнцн;14;14
яйскэорнпю цнкнбмхжйнцн;28;24
йнлянлнкэяйхи ;86а;1
гюуюпемйн;1;1
гюуюпемйн;1ю;1
гюуюпемйн;1а;1
янкмевмюъ;26б;1
йнлянлнкэяйхи ;72;1
янкмевмюъ;26;1
янкмевмюъ;26а;1
йнлянлнкэяйхи ;80а;1
янкмевмюъ;24;1
йнлянлнкэяйхи ;78;2
йнлянлнкэяйхи ;84;2
гюуюпемйн;5;4
гюуюпемйн;11;4
гюуюпемйн;17;3
йнлянлнкэяйхи ;78ю;4
йнлянлнкэяйхи ;84ю;4
янкмевмюъ;26ю;1
лнкдюбяйюъ;17ю;3
йнлянлнкэяйхи ;74;4
йнлянлнкэяйхи ;86;1
гюуюпемйн;7;2
гюуюпемйн;9;2
гюуюпемйн;9ю;2
бнпньхкнбю;14;3
йнлянлнкэяйхи ;99;1
40-керхъ онаедш;21ю;1
ОП-ЙР ОНАЕДШ;384;1
40-керхъ онаедш;21;1
вхвепхмю;13;1
40-керхъ онаедш;18ю;2
ОП-ЙР ОНАЕДШ;388ю;2
ОП-ЙР ОНАЕДШ;386ю;2
40-керхъ онаедш;14;3
йнлянлнкэяйхи ;109ю;3
вхвепхмю;15;2
40-керхъ онаедш;15;3
ОП-ЙР ОНАЕДШ;378ю;3
йнлянлнкэяйхи ;101;2
йнлянлнкэяйхи ;105;2
йнлянлнкэяйхи ;109;2
йнлянлнкэяйхи ;101ю;3
40-керхъ онаедш;16ю;1
ОП-ЙР ОНАЕДШ;382;1
онаедш;388;1
йнлянлнкэяйхи ;103;2
ОП-ЙР ОНАЕДШ;380;1
йпюямнгмюлеммюъ;6;
йпюямнгмюлеммюъ;2;
йпюямнгмюлеммюъ;4;
пюяйнбни;2ю;
фсйнбяйнцн;2ю;
нярпнбяйнцн;19;
нярпнбяйнцн;21;
нярпнбяйнцн;23;
нярпнбяйнцн;25;
нярпнбяйнцн;27;
нярпнбяйнцн;29;
нярпнбяйнцн;31ю;
ябепдкнбяйхи ;26;
йпюямнгмюлеммюъ;20;
нярпнбяйнцн;34ю;
ОП-ЙР ОНАЕДШ;196ю;1
ОП-ЙР ОНАЕДШ;198а;1
 йпюямнгмюлеммюъ;12ю;
йняюпебю;12;
йпюямнгмюлеммюъ;12;
йпюямнгмюлеммюъ;14;
йпюямнгмюлеммюъ;25;
йпюямнгмюлеммюъ;27;
йпюямнгмюлеммюъ;29;
йпюямнгмюлеммюъ;25ю;
йпюямнгмюлеммюъ;27ю;
йпюямшу охкнрнб;10;1
нярпнбяйнцн;34;
нярпнбяйнцн;62;
нярпнбяйнцн;64;
нярпнбяйнцн;19ю;
нярпнбяйнцн;21ю;
нярпнбяйнцн;23ю;
нярпнбяйнцн;25ю;
нярпнбяйнцн;27ю;
нярпнбяйнцн;29ю;
ОП-ЙР ОНАЕДШ;194;
ОП-ЙР ОНАЕДШ;196;1
ОП-ЙР ОНАЕДШ;198;
ОП-ЙР ОНАЕДШ;200;
ОП-ЙР ОНАЕДШ;194ю;1
ОП-ЙР ОНАЕДШ;198ю;
ОП-ЙР ОНАЕДШ;200ю;
ябепдкнбяйхи ;22;
ябепдкнбяйхи ;24ю;
ябепдкнбяйхи ;24а;
ябепдкнбяйхи ;26ю;
рхрюмнбюъ;1;
жхмйнбюъ;3;
жхмйнбюъ;5;
йпюямшу охкнрнб;8;
ОП-ЙР ОНАЕДШ;192;
йпюямнгмюлеммюъ;16;
ОП-ЙР ОНАЕДШ;204;
йняюпебю;22;3
нярпнбяйнцн;66;1
реокхвмюъ;3;1
йняюпебю;18;1
яебепн-йпшляйюъ;68;2
вюийнбяйнцн;15;4
жхмйнбюъ;12ю;
йюякхмяйюъ;38;
йюякхмяйюъ;40;
йнлянлнкэяйхи ;3б;
ябепдкнбяйхи ;5;
ябепдкнбяйхи ;19;4
ябепдкнбяйхи ;8;
ОП-ЙР ОНАЕДШ;182;
ОП-ЙР ОНАЕДШ;184;
ОП-ЙР ОНАЕДШ;186;
ябепдкнбяйхи ;23;
йюякхмяйюъ;36ю;
йшьршляйюъ;12;
йшьршляйюъ;12ю;
йшьршляйюъ;12а;
ябепдкнбяйхи ;14;
йшьршляйюъ;3;
йшьршляйюъ;14;
нярпнбяйнцн;8;
нярпнбяйнцн;10;1
нярпнбяйнцн;18ю;
ОП-ЙР ОНАЕДШ;182ю;
ОП-ЙР ОНАЕДШ;184ю;
ОП-ЙР ОНАЕДШ;186ю;
пюяйнбни;17;
ябепдкнбяйхи ;9;
ябепдкнбяйхи ;10;
ябепдкнбяйхи ;11;
ябепдкнбяйхи ;23ю;
ябепдкнбяйхи ;8а;1
йняюпебю;10;
йняюпебю;10ю;
ОП-ЙР ОНАЕДШ;188;1
пюяйнбни;42;
йшьршляйюъ;10;
нярпнбяйнцн;18;1
жхмйнбюъ;12;
жхмйнбюъ;1;1
йняюпебю;14;2
нярпнбяйнцн;60;2
йняюпебю;8;2
яюкюбюрю чкюебю;1б;
йнлянлнкэяйхи ;94;3
йнлянлнкэяйхи ;130;1
йнлянлнкэяйхи ;132;1
йнлянлнкэяйхи ;130ю;1
йнлянлнкэяйхи ;132ю;1
йнлянлнкэяйхи ;128;1
яюкюбюрю чкюебю;1ю;1
яюкюбюрю чкюебю;3ю;1
вхвепхмю;4ю;1
йнлянлнкэяйхи ;126;1
яюкюбюрю чкюебю;1;1
яюкюбюрю чкюебю;3;1
йнлянлнкэяйхи ;124;1
40-керхъ онаедш;4;3
40-керхъ онаедш;6;1
40-керхъ онаедш;8;
вхвепхмю;5;6
вхвепхмю;6;2
вхвепхмю;8;2
вхвепхмю;1;3
вхвепхмю;2;3
йнлянлнкэяйхи ;112;9
40-керхъ онаедш;10;3
йнлянлнкэяйхи ;100;1
йнлянлнкэяйхи ;104;1
